timestamp,open,high,low,close,volume,tradeCount,vwap
2020-12-01T05:00:00Z,9.8,9.8,9.67,9.73,5177,37,9.70686
2020-12-02T05:00:00Z,9.71,9.78,9.7,9.744,553510,29,9.73476
2020-12-03T05:00:00Z,9.7975,9.85,9.71,9.84,24080,233,9.74912
2020-12-04T05:00:00Z,9.87,9.87,9.7296,9.7978,59671,132,9.81664
2020-12-07T05:00:00Z,9.81,9.85,9.73,9.79,72219,310,9.7972
2020-12-08T05:00:00Z,9.7905,9.85,9.78,9.84,641076,259,9.84473
2020-12-09T05:00:00Z,9.88,9.9,9.8187,9.9,60645,203,9.87842
2020-12-10T05:00:00Z,9.95,9.95,9.85,9.89,1069201,397,9.85384
2020-12-11T05:00:00Z,10.46,10.97,10.08,10.2,761827,2320,10.2507
2020-12-14T05:00:00Z,10.15,10.2,9.99,10.1,989798,3999,10.047
2020-12-15T05:00:00Z,9.98,10.08,9.96,10.05,267509,1325,10.0096
2020-12-16T05:00:00Z,10,10.02,9.92,10.02,192585,852,9.98568
2020-12-17T05:00:00Z,10.01,10.047,9.9901,10,87669,505,10.0125
2020-12-18T05:00:00Z,10.02,10.0499,9.95,9.99,643170,884,10.0051
2020-12-21T05:00:00Z,10.01,10.0499,9.955,10.01,306213,904,9.9958
2020-12-22T05:00:00Z,10.04,10.05,9.95,10.02,174174,671,9.99933
2020-12-23T05:00:00Z,10.08,10.28,10.01,10.16,377631,1371,10.0777
2020-12-24T05:00:00Z,10.3,10.45,10.24,10.35,295085,967,10.3596
2020-12-28T05:00:00Z,10.36,10.5,10.2487,10.3,498592,1668,10.3421
2020-12-29T05:00:00Z,10.4,10.4,10.1,10.22,217442,789,10.2212
2020-12-30T05:00:00Z,10.28,10.3,10.1999,10.24,205589,1042,10.2366
2020-12-31T05:00:00Z,10.29,10.35,10.13,10.13,251843,1019,10.2172
2021-01-04T05:00:00Z,10.21,10.24,10.05,10.1,219469,1000,10.1328
2021-01-05T05:00:00Z,10.09,10.21,10.09,10.1665,117821,407,10.1796
2021-01-06T05:00:00Z,10.15,10.22,10.1,10.18,245676,600,10.1801
2021-01-07T05:00:00Z,10.24,10.24,10.1078,10.16,128650,760,10.1508
2021-01-08T05:00:00Z,10.2,10.2899,10.14,10.2,154782,693,10.1961
2021-01-11T05:00:00Z,10.27,10.48,10.137,10.38,904647,2927,10.337
2021-01-12T05:00:00Z,10.28,10.5,10.28,10.44,214931,993,10.4038
2021-01-13T05:00:00Z,10.49,10.74,10.4,10.5,510649,1887,10.5547
2021-01-14T05:00:00Z,10.59,10.6899,10.47,10.65,401697,1533,10.5862
2021-01-15T05:00:00Z,10.59,10.61,10.4,10.57,295994,1443,10.5524
2021-01-19T05:00:00Z,10.61,10.64,10.44,10.56,518665,2964,10.558
2021-01-20T05:00:00Z,10.56,10.69,10.5,10.55,818618,1755,10.5519
2021-01-21T05:00:00Z,10.55,10.68,10.51,10.67,357052,2257,10.5861
2021-01-22T05:00:00Z,10.59,10.68,10.55,10.63,218348,1135,10.5918
2021-01-25T05:00:00Z,10.58,10.69,10.5,10.55,406713,2020,10.5626
2021-01-26T05:00:00Z,10.53,10.67,10.5,10.58,354794,2312,10.5927
2021-01-27T05:00:00Z,10.49,10.49,10.32,10.44,547364,2383,10.4141
2021-01-28T05:00:00Z,10.37,10.52,10.27,10.48,402536,1206,10.436
2021-01-29T05:00:00Z,10.45,10.55,10.4,10.4,221550,530,10.4451
2021-02-01T05:00:00Z,10.44,10.73,10.41,10.53,143644,687,10.5938
2021-02-02T05:00:00Z,10.58,10.76,10.5,10.6,146609,811,10.6435
2021-02-03T05:00:00Z,10.6,10.66,10.56,10.63,164828,889,10.6344
2021-02-04T05:00:00Z,10.7,10.7,10.5,10.69,252202,989,10.6732
2021-02-05T05:00:00Z,11.09,11.25,10.77,10.85,611937,3503,10.9409
2021-02-08T05:00:00Z,11,11.01,10.86,10.93,280160,1570,10.9601
2021-02-09T05:00:00Z,11.05,11.07,10.95,11,178552,1055,11.0095
2021-02-10T05:00:00Z,11,11.1,10.97,10.97,244000,962,11.0274
2021-02-11T05:00:00Z,10.96,11,10.72,10.77,100299,664,10.859
2021-02-12T05:00:00Z,10.83,10.95,10.76,10.82,82383,458,10.8105
2021-02-16T05:00:00Z,10.9,10.98,10.77,10.8,254089,1213,10.8941
2021-02-17T05:00:00Z,10.78,10.8799,10.665,10.78,73147,410,10.7548
2021-02-18T05:00:00Z,10.78,10.867,10.6705,10.73,88041,483,10.7394
2021-02-19T05:00:00Z,10.77,10.9,10.64,10.65,427071,1349,10.7102
2021-02-22T05:00:00Z,10.61,10.78,10.6,10.61,267912,1438,10.6469
2021-02-23T05:00:00Z,10.54,10.69,10.41,10.58,178378,992,10.5379
2021-02-24T05:00:00Z,10.55,10.71,10.41,10.5,226689,1207,10.5245
2021-02-25T05:00:00Z,10.58,10.585,10.31,10.38,213401,1653,10.3941
2021-02-26T05:00:00Z,10.36,10.49,10.22,10.25,223157,1377,10.3028
2021-03-01T05:00:00Z,10.38,10.6,10.12,10.23,373820,1347,10.2853
2021-03-02T05:00:00Z,10.17,10.27,10.05,10.1,205945,1037,10.1159
2021-03-03T05:00:00Z,10.1,10.15,9.99,10.02,204741,1015,10.0627
2021-03-04T05:00:00Z,10,10.13,9.8,9.91,649710,1565,9.93184
2021-03-05T05:00:00Z,10.04,10.1,9.81,10,538183,1916,9.89409
2021-03-08T05:00:00Z,9.93,10.01,9.86,9.92,181795,756,9.92721
2021-03-09T05:00:00Z,9.92,10.02,9.87,9.96,114410,536,9.94678
2021-03-10T05:00:00Z,9.96,10,9.91,9.99,166145,282,9.95556
2021-03-11T05:00:00Z,10,10.08,9.95,9.99,157378,533,10.0024
2021-03-12T05:00:00Z,10,10.06,9.98,10.03,191848,558,10.0242
2021-03-15T04:00:00Z,10.09,10.1,9.95,9.985,235257,893,10.0255
2021-03-16T04:00:00Z,9.96,10.0499,9.93,9.97,238851,1265,9.98245
2021-03-17T04:00:00Z,9.9,10,9.89,10,68671,397,9.9382
2021-03-18T04:00:00Z,9.99,10.0033,9.91,10,66754,403,9.96675
2021-03-19T04:00:00Z,10,10,9.91,9.96,27454,148,9.95014
2021-03-22T04:00:00Z,9.92,9.99,9.88,9.97,62606,233,9.92718
2021-03-23T04:00:00Z,9.98,9.99,9.8,9.86,146434,661,9.88848
2021-03-24T04:00:00Z,9.79,9.91,9.68,9.73,189669,1038,9.75833
2021-03-25T04:00:00Z,9.7,9.8,9.58,9.66,105940,463,9.69969
2021-03-26T04:00:00Z,9.79,9.79,9.66,9.72,30032,261,9.73162
2021-03-29T04:00:00Z,9.72,9.82,9.72,9.8,32431,138,9.78352
2021-03-30T04:00:00Z,9.71,9.82,9.7,9.81,42520,158,9.77356
2021-03-31T04:00:00Z,9.72,9.88,9.72,9.88,72558,320,9.80852
2021-04-01T04:00:00Z,9.83,9.92,9.8,9.9,68231,370,9.86767
2021-04-05T04:00:00Z,9.87,9.91,9.84,9.85,36658,213,9.86797
2021-04-06T04:00:00Z,9.83,9.92,9.81,9.92,31784,186,9.88153
2021-04-07T04:00:00Z,9.9344,9.97,9.9,9.91,31553,184,9.93683
2021-04-08T04:00:00Z,9.93,9.98,9.86,9.96,53577,209,9.90882
2021-04-09T04:00:00Z,9.96,9.99,9.9,9.98,92370,727,9.97067
2021-04-12T04:00:00Z,9.93,9.97,9.9,9.95,61921,372,9.9433
2021-04-13T04:00:00Z,9.95,9.98,9.8801,9.96,27764,177,9.92843
2021-04-14T04:00:00Z,9.92,10.0449,9.91,10,98539,315,9.98371
2021-04-15T04:00:00Z,9.94,10,9.9,9.94,49370,214,9.94842
2021-04-16T04:00:00Z,9.97,9.97,9.87,9.92,86470,184,9.90148
2021-04-19T04:00:00Z,9.93,9.94,9.71,9.88,74528,389,9.86581
2021-04-20T04:00:00Z,9.84,9.9,9.7801,9.83,73938,752,9.83725
2021-04-21T04:00:00Z,9.8,9.9,9.73,9.87,110928,578,9.84962
2021-04-22T04:00:00Z,9.877,9.89,9.72,9.75,327792,1565,9.7726
2021-04-23T04:00:00Z,9.8,9.93,9.76,9.93,174611,683,9.84468
2021-04-26T04:00:00Z,9.82,10.0005,9.78,9.96,776247,368,9.99062
2021-04-27T04:00:00Z,9.92,10,9.91,10,550796,768,9.99559
2021-04-28T04:00:00Z,10.01,10.01,9.87,9.87,86685,394,9.91246
2021-04-29T04:00:00Z,9.93,10,9.8399,9.98,224962,798,9.96688
2021-04-30T04:00:00Z,9.98,9.99,9.875,9.99,158045,535,9.915
2021-05-03T04:00:00Z,9.905,9.9572,9.87,9.88,150735,617,9.89823
2021-05-04T04:00:00Z,9.85,9.88,9.8,9.85,68403,364,9.83878
2021-05-05T04:00:00Z,9.84,9.92,9.82,9.88,87960,525,9.84666
2021-05-06T04:00:00Z,9.86,9.96,9.84,9.85,58278,362,9.87376
2021-05-07T04:00:00Z,9.84,9.94,9.83,9.93,148385,567,9.85009
2021-05-10T04:00:00Z,9.96,9.96,9.78,9.8,77202,416,9.83595
2021-05-11T04:00:00Z,9.76,9.81,9.72,9.73,181047,849,9.75829
2021-05-12T04:00:00Z,9.74,9.8,9.7,9.73,76138,337,9.72664
2021-05-13T04:00:00Z,9.72,9.79,9.71,9.72,125907,649,9.72505
2021-05-14T04:00:00Z,9.72,9.86,9.72,9.72,57152,355,9.752
2021-05-17T04:00:00Z,9.72,9.73,9.68,9.68,157983,885,9.69689
2021-05-18T04:00:00Z,9.69,9.75,9.67,9.71,205384,1302,9.70435
2021-05-19T04:00:00Z,9.7,9.73,9.6799,9.68,168497,890,9.69089
2021-05-20T04:00:00Z,9.7,9.76,9.68,9.69,398022,1608,9.70109
2021-05-21T04:00:00Z,9.73,9.81,9.7,9.79,978062,348,9.74556
2021-05-24T04:00:00Z,9.76,9.8,9.72,9.72,34368,216,9.73867
2021-05-25T04:00:00Z,9.77,9.7828,9.74,9.76,67995,309,9.75772
2021-05-26T04:00:00Z,9.77,9.81,9.72,9.74,137719,534,9.72861
2021-05-27T04:00:00Z,9.75,9.75,9.71,9.73,39192,197,9.72582
2021-05-28T04:00:00Z,9.73,9.74,9.72,9.73,40534,235,9.72976
2021-06-01T04:00:00Z,9.81,9.81,9.73,9.75,24359,255,9.7607
2021-06-02T04:00:00Z,9.759,9.8,9.75,9.8,26600,206,9.76935
2021-06-03T04:00:00Z,9.7645,9.81,9.73,9.75,31179,265,9.76478
2021-06-04T04:00:00Z,9.77,9.79,9.75,9.78,551264,156,9.76571
2021-06-07T04:00:00Z,9.79,9.79,9.75,9.79,19472,150,9.7821
2021-06-08T04:00:00Z,9.79,9.83,9.76,9.83,46270,240,9.79564
2021-06-09T04:00:00Z,9.82,9.82,9.79,9.82,31396,162,9.80998
2021-06-10T04:00:00Z,9.8,9.82,9.7838,9.81,41203,179,9.80634
2021-06-11T04:00:00Z,9.8,9.82,9.755,9.8,57075,315,9.80274
2021-06-14T04:00:00Z,9.78,9.8,9.71,9.71,107808,763,9.76912
2021-06-15T04:00:00Z,9.76,9.77,9.72,9.74,110088,700,9.73482
2021-06-16T04:00:00Z,9.71,9.75,9.71,9.75,39364,242,9.73324
2021-06-17T04:00:00Z,9.76,9.77,9.74,9.75,117097,340,9.74918
2021-06-18T04:00:00Z,9.77,9.78,9.73,9.75,75204,437,9.75033
2021-06-21T04:00:00Z,9.77,9.77,9.74,9.74,47259,280,9.75189
2021-06-22T04:00:00Z,9.75,9.77,9.73,9.74,56999,240,9.74909
2021-06-23T04:00:00Z,9.74,9.75,9.74,9.75,12468,185,9.74838
2021-06-24T04:00:00Z,9.74,9.7799,9.735,9.75,46991,150,9.7477
2021-06-25T04:00:00Z,9.78,9.78,9.72,9.74,62439,317,9.74177
2021-06-28T04:00:00Z,9.73,9.75,9.72,9.73,60690,294,9.72945
2021-06-29T04:00:00Z,9.72,9.77,9.72,9.76,289138,290,9.73985
2021-06-30T04:00:00Z,9.73,9.77,9.73,9.74,24721,185,9.74218
2021-07-01T04:00:00Z,9.74,9.82,9.74,9.79,120226,484,9.78528
2021-07-02T04:00:00Z,9.77,9.8,9.76,9.78,47286,154,9.78017
2021-07-06T04:00:00Z,9.77,9.77,9.75,9.77,41220,128,9.75984
2021-07-07T04:00:00Z,9.75,9.77,9.74,9.76,51434,197,9.74671
2021-07-08T04:00:00Z,9.72,9.76,9.72,9.76,42546,201,9.74488
2021-07-09T04:00:00Z,9.76,9.77,9.73,9.74,19483,88,9.74654
2021-07-12T04:00:00Z,9.7411,9.78,9.7411,9.78,17491,103,9.76379
2021-07-13T04:00:00Z,9.7601,9.79,9.75,9.78,17881,108,9.76326
2021-07-14T04:00:00Z,9.75,9.78,9.74,9.77,29214,177,9.75413
2021-07-15T04:00:00Z,9.74,9.77,9.73,9.76,39930,233,9.7476
2021-07-16T04:00:00Z,9.75,9.76,9.74,9.74,17816,144,9.75069
2021-07-19T04:00:00Z,9.7201,9.73,9.7,9.7,53095,219,9.70944
2021-07-20T04:00:00Z,9.71,9.76,9.71,9.74,53184,212,9.74527
2021-07-21T04:00:00Z,9.72,9.75,9.72,9.72,15204,91,9.72364
2021-07-22T04:00:00Z,9.72,9.74,9.72,9.73,14877,107,9.72555
2021-07-23T04:00:00Z,9.73,9.75,9.73,9.73,22104,86,9.73953
2021-07-26T04:00:00Z,9.72,9.75,9.72,9.72,10904,105,9.72344
2021-07-27T04:00:00Z,9.72,9.76,9.72,9.72,95046,94,9.72913
2021-07-28T04:00:00Z,9.72,9.73,9.72,9.72,18251,64,9.72208
2021-07-29T04:00:00Z,9.71,9.73,9.7,9.73,35778,159,9.70832
2021-07-30T04:00:00Z,9.7,9.78,9.7,9.75,863903,220,9.73082
2021-08-02T04:00:00Z,9.72,9.76,9.7101,9.76,11485,163,9.7544
2021-08-03T04:00:00Z,9.73,9.77,9.7292,9.74,31287,184,9.75736
2021-08-04T04:00:00Z,9.7304,9.77,9.72,9.77,15556,70,9.7435
2021-08-05T04:00:00Z,9.71,9.7699,9.71,9.73,27366,248,9.73149
2021-08-06T04:00:00Z,9.73,9.76,9.72,9.74,8461,66,9.72995
2021-08-09T04:00:00Z,9.72,9.75,9.72,9.73,9431,96,9.73388
2021-08-10T04:00:00Z,9.73,9.78,9.72,9.78,72044,272,9.75429
2021-08-11T04:00:00Z,9.73,9.78,9.73,9.75,14851,103,9.73845
2021-08-12T04:00:00Z,9.76,9.76,9.73,9.73,38049,202,9.73263
2021-08-13T04:00:00Z,9.745,9.745,9.73,9.73,14204,161,9.7323
2021-08-16T04:00:00Z,9.72,9.72,9.65,9.69,145818,772,9.6826
2021-08-17T04:00:00Z,9.68,9.71,9.67,9.68,69587,357,9.68711
2021-08-18T04:00:00Z,9.67,9.72,9.67,9.72,57628,286,9.68498
2021-08-19T04:00:00Z,9.71,9.72,9.71,9.71,51718,312,9.71323
2021-08-20T04:00:00Z,9.7,9.81,9.69,9.81,121122,482,9.73627
2021-08-23T04:00:00Z,9.77,9.79,9.73,9.76,66088,254,9.75037
2021-08-24T04:00:00Z,9.76,9.79,9.73,9.76,36335,346,9.76048
2021-08-25T04:00:00Z,9.71,9.77,9.71,9.73,6737,79,9.74067
2021-08-26T04:00:00Z,9.71,9.75,9.71,9.74,24863,165,9.72549
2021-08-27T04:00:00Z,9.7249,9.73,9.71,9.72,8301,89,9.71391
2021-08-30T04:00:00Z,9.71,9.76,9.71,9.75,29929,158,9.73238
2021-08-31T04:00:00Z,9.72,9.77,9.72,9.74,255029,268,9.73302
2021-09-01T04:00:00Z,9.71,9.77,9.71,9.76,6865,103,9.75455
2021-09-02T04:00:00Z,9.74,9.77,9.735,9.74,25520,107,9.75081
2021-09-03T04:00:00Z,9.74,9.78,9.74,9.76,19504,138,9.75216
2021-09-07T04:00:00Z,9.73,9.78,9.73,9.77,40834,167,9.75849
2021-09-08T04:00:00Z,9.74,9.77,9.74,9.77,7942,75,9.75162
2021-09-09T04:00:00Z,9.78,9.78,9.7358,9.77,6379,91,9.76227
2021-09-10T04:00:00Z,9.75,9.79,9.75,9.79,39408,104,9.75314
2021-09-13T04:00:00Z,9.74,9.78,9.74,9.76,14960,131,9.75325
2021-09-14T04:00:00Z,9.74,9.78,9.74,9.77,3925,65,9.75566
2021-09-15T04:00:00Z,9.74,9.78,9.74,9.77,5073,52,9.76444
2021-09-16T04:00:00Z,9.79,9.85,9.7474,9.81,34496,272,9.80288
2021-09-17T04:00:00Z,9.82,9.84,9.77,9.79,13788,112,9.80458
2021-09-20T04:00:00Z,9.76,9.8,9.72,9.76,14344,135,9.76841
2021-09-21T04:00:00Z,9.76,9.81,9.76,9.79,4710,66,9.76378
2021-09-22T04:00:00Z,9.76,9.81,9.7501,9.8,14472,98,9.78786
2021-09-23T04:00:00Z,9.7528,9.8,9.7528,9.8,15162,86,9.76028
2021-09-24T04:00:00Z,9.77,9.83,9.76,9.78,32622,160,9.79906
2021-09-27T04:00:00Z,9.82,9.82,9.78,9.78,54369,435,9.79333
2021-09-28T04:00:00Z,9.7801,9.83,9.78,9.79,49145,442,9.78342
2021-09-29T04:00:00Z,9.79,9.8,9.79,9.79,3652,45,9.79365
2021-09-30T04:00:00Z,9.81,9.81,9.79,9.79,23195,77,9.79926
2021-10-01T04:00:00Z,9.7999,9.81,9.79,9.79,14141,110,9.79786
2021-10-04T04:00:00Z,9.82,9.82,9.79,9.8,5622,83,9.80361
2021-10-05T04:00:00Z,9.81,9.82,9.8,9.8,4553,65,9.80387
2021-10-06T04:00:00Z,9.7801,9.82,9.78,9.82,67784,281,9.80157
2021-10-07T04:00:00Z,9.81,9.95,9.79,9.79,118506,314,9.8215
2021-10-08T04:00:00Z,9.82,9.83,9.78,9.82,49364,93,9.81779
2021-10-11T04:00:00Z,9.79,9.81,9.78,9.8,32147,193,9.79084
2021-10-12T04:00:00Z,9.7907,9.8,9.79,9.79,4394,36,9.79545
2021-10-13T04:00:00Z,9.78,9.82,9.78,9.78,6933,144,9.79231
2021-10-14T04:00:00Z,9.84,9.84,9.77,9.77,23649,97,9.77558
2021-10-15T04:00:00Z,9.78,9.81,9.7713,9.79,85453,92,9.78119
2021-10-18T04:00:00Z,9.79,9.8,9.78,9.78,13553,63,9.78836
2021-10-19T04:00:00Z,9.77,9.81,9.77,9.79,65807,235,9.80013
2021-10-20T04:00:00Z,9.78,9.8011,9.77,9.795,777934,65,9.79944
2021-10-21T04:00:00Z,9.8007,9.85,9.78,9.85,376914,215,9.83679
2021-10-22T04:00:00Z,9.835,9.85,9.82,9.85,21590,56,9.8481
2021-10-25T04:00:00Z,9.85,9.8795,9.8397,9.86,49839,120,9.8505
2021-10-26T04:00:00Z,9.87,9.89,9.85,9.88,176104,312,9.87896
2021-10-27T04:00:00Z,9.8501,9.8834,9.82,9.87,51213,228,9.8659
2021-10-28T04:00:00Z,9.8561,9.885,9.8561,9.87,252650,166,9.87964
2021-10-29T04:00:00Z,9.88,9.89,9.85,9.87,22584,272,9.87066
2021-11-01T04:00:00Z,9.86,9.88,9.86,9.88,4714,182,9.87382
2021-11-02T04:00:00Z,9.8301,9.88,9.83,9.87,12954,78,9.8561
2021-11-03T04:00:00Z,9.84,9.88,9.84,9.86,18229,98,9.86292
2021-11-04T04:00:00Z,9.85,9.8776,9.85,9.865,4877,22,9.86345
2021-11-05T04:00:00Z,9.86,9.9,9.84,9.841,128772,153,9.87387
2021-11-08T05:00:00Z,9.8414,9.86,9.81,9.81,239505,200,9.83384
2021-11-09T05:00:00Z,9.83,9.83,9.81,9.81,10346,53,9.81611
2021-11-10T05:00:00Z,9.81,9.84,9.81,9.83,12232,69,9.83198
2021-11-11T05:00:00Z,9.83,9.83,9.81,9.81,256354,91,9.82946
2021-11-12T05:00:00Z,9.83,9.86,9.81,9.81,16122,124,9.827
2021-11-15T05:00:00Z,9.85,9.8559,9.8,9.82,21882,99,9.84505
2021-11-16T05:00:00Z,9.83,9.89,9.82,9.89,97929,136,9.84644
2021-11-17T05:00:00Z,9.87,9.88,9.83,9.85,12170,101,9.84949
2021-11-18T05:00:00Z,9.8,9.881,9.8,9.88,185006,231,9.85125
2021-11-19T05:00:00Z,9.8401,9.8401,9.8401,9.8401,703,19,9.8401
2021-11-22T05:00:00Z,9.86,9.88,9.82,9.88,153747,436,9.8458
2021-11-23T05:00:00Z,9.88,9.93,9.84,9.91,211563,161,9.87827
2021-11-24T05:00:00Z,9.92,9.93,9.89,9.89,20327,58,9.92032
2021-11-26T05:00:00Z,9.89,9.8939,9.85,9.89,17817,67,9.86205
2021-11-29T05:00:00Z,9.845,9.865,9.83,9.86,312959,57,9.85979
2021-11-30T05:00:00Z,9.84,9.86,9.84,9.84,6534,75,9.84422
2021-12-01T05:00:00Z,9.84,9.8441,9.83,9.84,14355,131,9.83753
2021-12-02T05:00:00Z,9.84,9.8476,9.82,9.8208,4821,62,9.83539
2021-12-03T05:00:00Z,9.81,9.85,9.8,9.81,57666,310,9.81728
2021-12-06T05:00:00Z,9.8,9.84,9.8,9.82,17219,162,9.81583
2021-12-07T05:00:00Z,9.8001,9.86,9.8001,9.8249,43448,242,9.84165
2021-12-08T05:00:00Z,9.82,9.85,9.81,9.83,15269,122,9.8244
2021-12-09T05:00:00Z,9.81,9.85,9.81,9.84,27179,118,9.82928
2021-12-10T05:00:00Z,9.81,9.85,9.81,9.81,4453,27,9.81896
2021-12-13T05:00:00Z,9.81,9.85,9.81,9.8142,127493,77,9.82013
2021-12-14T05:00:00Z,9.8133,9.85,9.8,9.821,37439,139,9.8317
2021-12-15T05:00:00Z,9.81,9.85,9.8,9.8,2147,35,9.82002
2021-12-16T05:00:00Z,9.8,9.83,9.78,9.83,42309,124,9.80815
2021-12-17T05:00:00Z,9.79,9.82,9.78,9.81,9456,35,9.80414
2021-12-20T05:00:00Z,9.792,9.82,9.79,9.81,763331,100,9.81085
2021-12-21T05:00:00Z,9.8008,9.83,9.8008,9.83,4826,37,9.81096
2021-12-22T05:00:00Z,9.82,9.82,9.79,9.82,54468,153,9.80359
2021-12-23T05:00:00Z,9.82,9.82,9.8,9.8,4992,57,9.80158
2021-12-27T05:00:00Z,9.79,9.86,9.79,9.86,130206,267,9.83934
2021-12-28T05:00:00Z,9.79,9.84,9.79,9.81,11922,55,9.81227
2021-12-29T05:00:00Z,9.806,9.83,9.8,9.83,6807,59,9.81025
2021-12-30T05:00:00Z,9.82,9.85,9.82,9.82,17022,80,9.82162
2021-12-31T05:00:00Z,9.81,9.815,9.81,9.81,2125,33,9.81087
2022-01-03T05:00:00Z,9.81,9.83,9.81,9.83,194310,119,9.81032
2022-01-04T05:00:00Z,9.82,9.83,9.82,9.83,10478,61,9.82102
2022-01-05T05:00:00Z,9.82,9.85,9.82,9.82,5485,30,9.82384
2022-01-06T05:00:00Z,9.835,9.85,9.82,9.82,7210,63,9.82401
2022-01-07T05:00:00Z,9.83,9.84,9.82,9.82,39900,153,9.82569
2022-01-10T05:00:00Z,9.82,9.86,9.81,9.83,106863,290,9.82438
2022-01-11T05:00:00Z,9.8499,9.85,9.82,9.85,6907,44,9.82368
2022-01-12T05:00:00Z,9.85,9.85,9.81,9.85,23137,112,9.83467
2022-01-13T05:00:00Z,9.85,9.85,9.81,9.82,20264,48,9.82828
2022-01-14T05:00:00Z,9.82,9.8217,9.81,9.81,147517,98,9.81814
2022-01-18T05:00:00Z,9.81,9.8172,9.81,9.81,29301,88,9.81003
2022-01-19T05:00:00Z,9.8103,9.83,9.81,9.83,22954,60,9.8198
2022-01-20T05:00:00Z,9.8117,9.8167,9.81,9.81,4498,65,9.81145
2022-01-21T05:00:00Z,9.81,9.82,9.8,9.81,65336,137,9.81019
2022-01-24T05:00:00Z,9.8,9.81,9.79,9.79,107141,176,9.79879
2022-01-25T05:00:00Z,9.79,9.81,9.78,9.8001,22813,265,9.79378
2022-01-26T05:00:00Z,9.8,9.8102,9.8,9.81,6619,69,9.80151
2022-01-27T05:00:00Z,9.8,9.81,9.79,9.81,14666,92,9.80012
2022-01-28T05:00:00Z,9.79,9.81,9.79,9.79,17787,69,9.79351
2022-01-31T05:00:00Z,9.8,9.81,9.8,9.8,16658,85,9.80077
2022-02-01T05:00:00Z,9.82,9.84,9.81,9.84,15166,91,9.82443
2022-02-02T05:00:00Z,9.8,9.8048,9.8,9.8,5543,64,9.80013
2022-02-03T05:00:00Z,9.8,9.83,9.8,9.83,2089,40,9.81729
2022-02-04T05:00:00Z,9.83,9.83,9.82,9.82,7348,65,9.82333
2022-02-07T05:00:00Z,9.82,9.85,9.82,9.85,8190,93,9.83124
2022-02-08T05:00:00Z,9.83,9.83,9.82,9.82,3655,32,9.8203
2022-02-09T05:00:00Z,9.82,9.83,9.82,9.82,15248,85,9.82054
2022-02-10T05:00:00Z,9.83,9.8413,9.83,9.84,4003,44,9.83513
2022-02-11T05:00:00Z,9.84,9.84,9.84,9.84,0,0,0
2022-02-14T05:00:00Z,9.84,9.85,9.84,9.85,48258,104,9.84693
2022-02-15T05:00:00Z,9.84,9.845,9.83,9.835,7604,91,9.83988
2022-02-16T05:00:00Z,9.84,9.8425,9.83,9.835,16473,80,9.83643
2022-02-17T05:00:00Z,9.845,9.85,9.83,9.83,35179,146,9.84194
2022-02-18T05:00:00Z,9.83,9.8389,9.83,9.83,84726,211,9.83017
2022-02-22T05:00:00Z,9.82,9.835,9.82,9.83,39826,110,9.82263
2022-02-23T05:00:00Z,9.83,9.85,9.82,9.85,14360,51,9.83006
2022-02-24T05:00:00Z,9.83,9.84,9.82,9.84,43880,105,9.82505
2022-02-25T05:00:00Z,9.84,9.8499,9.83,9.848,9520,100,9.83959
2022-02-28T05:00:00Z,9.84,9.846,9.83,9.835,31962,142,9.83379
2022-03-01T05:00:00Z,9.84,9.84,9.83,9.84,11220,194,9.83874
2022-03-02T05:00:00Z,9.84,9.84,9.84,9.84,2794,33,9.84
2022-03-03T05:00:00Z,9.84,9.84,9.83,9.84,17899,63,9.83386
2022-03-04T05:00:00Z,9.83,9.85,9.83,9.84,16836,77,9.83691
2022-03-07T05:00:00Z,9.83,9.84,9.83,9.84,30471,103,9.83541
2022-03-08T05:00:00Z,9.84,9.84,9.83,9.84,30815,104,9.83708
2022-03-09T05:00:00Z,9.83,9.8413,9.83,9.84,5724,43,9.83783
2022-03-10T05:00:00Z,9.83,9.845,9.83,9.83,221714,150,9.83185
2022-03-11T05:00:00Z,9.85,9.85,9.83,9.84,16907,78,9.83637
2022-03-14T04:00:00Z,9.84,9.85,9.83,9.83,207051,169,9.84175
2022-03-15T04:00:00Z,9.85,9.85,9.84,9.84,427,11,9.84575
2022-03-16T04:00:00Z,9.85,9.855,9.85,9.85,4577,27,9.85042
2022-03-17T04:00:00Z,9.85,9.85,9.85,9.85,151,12,9.85
2022-03-18T04:00:00Z,9.86,9.86,9.85,9.855,201193,107,9.85505
2022-03-21T04:00:00Z,9.85,9.8501,9.845,9.85,14893,87,9.84818
2022-03-22T04:00:00Z,9.84,9.85,9.84,9.85,2462,20,9.84672
2022-03-23T04:00:00Z,9.85,9.858,9.845,9.845,4982,33,9.85104
2022-03-24T04:00:00Z,9.84,9.86,9.84,9.86,10873,92,9.85198
2022-03-25T04:00:00Z,9.8592,9.86,9.85,9.85,5795,95,9.85439
2022-03-28T04:00:00Z,9.8502,9.851,9.85,9.85,3162,41,9.85014
2022-03-29T04:00:00Z,9.87,9.87,9.85,9.85,46203,170,9.85222
2022-03-30T04:00:00Z,9.87,9.88,9.85,9.85,17877,283,9.86702
2022-03-31T04:00:00Z,9.85,9.88,9.85,9.86,14240,258,9.8654
2022-04-01T04:00:00Z,9.87,9.87,9.8645,9.87,4173,48,9.86941
2022-04-04T04:00:00Z,9.86,9.87,9.86,9.87,97863,153,9.86937
2022-04-05T04:00:00Z,9.86,9.875,9.85,9.87,8968,104,9.86458
2022-04-06T04:00:00Z,9.87,9.88,9.8601,9.88,13407,61,9.87194
2022-04-07T04:00:00Z,9.8799,9.88,9.87,9.88,8846,83,9.87644
2022-04-08T04:00:00Z,9.87,9.88,9.86,9.87,16374,73,9.86594
2022-04-11T04:00:00Z,9.88,9.88,9.88,9.88,2222,7,9.88
2022-04-12T04:00:00Z,9.88,9.89,9.88,9.88,3865,19,9.88261
2022-04-13T04:00:00Z,9.88,9.89,9.875,9.875,2760,72,9.87918
2022-04-14T04:00:00Z,9.89,9.89,9.88,9.89,4256,115,9.8855
2022-04-18T04:00:00Z,9.88,9.88,9.87,9.88,20669,93,9.87411
2022-04-19T04:00:00Z,9.8801,9.9,9.88,9.88,8543,30,9.89016
2022-04-20T04:00:00Z,9.88,9.8919,9.88,9.88,138986,94,9.88728
2022-04-21T04:00:00Z,9.8805,9.89,9.88,9.89,24437,84,9.88055
2022-04-22T04:00:00Z,9.88,9.8801,9.88,9.88,2448,21,9.88002
2022-04-25T04:00:00Z,9.89,9.9,9.88,9.89,6208,60,9.88791
2022-04-26T04:00:00Z,9.89,9.9,9.88,9.88,39321,173,9.88121
2022-04-27T04:00:00Z,9.89,9.8911,9.88,9.88,12828,51,9.88842
2022-04-28T04:00:00Z,9.8801,9.8812,9.88,9.8812,1597,8,9.88026
2022-04-29T04:00:00Z,9.88,9.8999,9.88,9.88,32887,92,9.88025
2022-05-02T04:00:00Z,9.88,9.89,9.88,9.88,8248,24,9.8835
2022-05-03T04:00:00Z,9.89,9.89,9.88,9.88,1304,13,9.88091
2022-05-04T04:00:00Z,9.88,9.9,9.88,9.895,14612,84,9.89806
2022-05-05T04:00:00Z,9.9,9.9,9.89,9.9,15068,87,9.89983
2022-05-06T04:00:00Z,9.895,9.9,9.8822,9.89,8247,42,9.89444
2022-05-09T04:00:00Z,9.895,9.9,9.88,9.895,32754,97,9.89321
2022-05-10T04:00:00Z,9.9,9.9,9.88,9.88,216600,68,9.89949
2022-05-11T04:00:00Z,9.88,9.885,9.87,9.87,15692,110,9.87871
2022-05-12T04:00:00Z,9.87,9.885,9.86,9.87,683633,61,9.87293
2022-05-13T04:00:00Z,9.9,9.9,9.865,9.87,497209,72,9.87007
2022-05-16T04:00:00Z,9.87,9.88,9.87,9.87,2855,46,9.87039
2022-05-17T04:00:00Z,9.87,9.88,9.87,9.88,2386,27,9.87641
2022-05-18T04:00:00Z,9.8723,9.88,9.87,9.88,106758,80,9.87239
2022-05-19T04:00:00Z,9.88,9.88,9.875,9.88,41633,75,9.87986
2022-05-20T04:00:00Z,9.89,9.89,9.87,9.88,14395,46,9.88059
2022-05-23T04:00:00Z,9.88,9.88,9.8702,9.88,6068,20,9.87502
2022-05-24T04:00:00Z,9.87,9.8842,9.87,9.8808,3872,33,9.87913
2022-05-25T04:00:00Z,9.88,9.88,9.88,9.88,4841,55,9.88
2022-05-26T04:00:00Z,9.89,9.89,9.88,9.88,974,8,9.88778
2022-05-27T04:00:00Z,9.89,9.9,9.88,9.89,256949,91,9.88532
2022-05-31T04:00:00Z,9.89,9.9,9.89,9.89,18642,144,9.89499
2022-06-01T04:00:00Z,9.88,9.91,9.88,9.91,4989,25,9.89506
2022-06-02T04:00:00Z,9.8908,9.9,9.8908,9.9,1326,16,9.8924
2022-06-03T04:00:00Z,9.89,9.9,9.89,9.9,27658,36,9.89971
2022-06-06T04:00:00Z,9.9,9.9,9.89,9.89,2822,36,9.89309
2022-06-07T04:00:00Z,9.9,9.9099,9.89,9.8901,131540,25,9.89816
2022-06-08T04:00:00Z,9.9011,9.91,9.9002,9.91,4722,28,9.90802
2022-06-09T04:00:00Z,9.89,9.9,9.89,9.89,760,6,9.89132
2022-06-10T04:00:00Z,9.892,9.9,9.89,9.9,4415,16,9.89237
2022-06-13T04:00:00Z,9.9,9.9001,9.9,9.9,21467,301,9.9
2022-06-14T04:00:00Z,9.9,9.905,9.9,9.9,44588,106,9.90193
2022-06-15T04:00:00Z,9.905,9.905,9.9001,9.9001,715,13,9.90422
2022-06-16T04:00:00Z,9.9,9.9013,9.89,9.89,24720,51,9.89839
2022-06-17T04:00:00Z,9.89,9.89,9.885,9.89,56727,106,9.88997
2022-06-21T04:00:00Z,9.89,9.905,9.89,9.9,6315,39,9.90111
2022-06-22T04:00:00Z,9.9,9.9,9.9,9.9,2611,13,9.9
2022-06-23T04:00:00Z,9.89,9.91,9.89,9.905,6284,23,9.90323
2022-06-24T04:00:00Z,9.9,9.91,9.9,9.91,2610,11,9.90752
2022-06-27T04:00:00Z,9.9,9.91,9.9,9.91,5071,37,9.90958
2022-06-28T04:00:00Z,9.9,9.9,9.9,9.9,2485,149,9.9
2022-06-29T04:00:00Z,9.905,9.905,9.9,9.9,35539,43,9.9015
2022-06-30T04:00:00Z,9.9099,9.91,9.9,9.9,227251,178,9.90065
2022-07-01T04:00:00Z,9.915,9.92,9.9,9.91,55920,171,9.90147
2022-07-05T04:00:00Z,9.91,9.93,9.91,9.92,66396,116,9.91909
2022-07-06T04:00:00Z,9.92,9.93,9.92,9.925,5003,18,9.92138
2022-07-07T04:00:00Z,9.92,9.929,9.91,9.92,2418,47,9.91773
2022-07-08T04:00:00Z,9.92,9.92,9.92,9.92,703,11,9.92
2022-07-11T04:00:00Z,9.92,9.93,9.92,9.93,4721,19,9.92455
2022-07-12T04:00:00Z,9.93,9.94,9.92,9.93,308655,50,9.93001
2022-07-13T04:00:00Z,9.93,9.94,9.93,9.94,4424,30,9.93555
2022-07-14T04:00:00Z,9.93,9.9399,9.93,9.93,24484,122,9.93075
2022-07-15T04:00:00Z,9.93,9.94,9.92,9.93,5962,35,9.92923
2022-07-18T04:00:00Z,9.93,9.94,9.92,9.94,108463,125,9.92986
2022-07-19T04:00:00Z,9.9312,9.9315,9.93,9.93,19316,68,9.93014
2022-07-20T04:00:00Z,9.935,9.935,9.935,9.935,200,2,9.935
2022-07-21T04:00:00Z,9.935,9.935,9.935,9.935,0,0,0
2022-07-22T04:00:00Z,9.94,9.94,9.94,9.94,4455,15,9.94
2022-07-25T04:00:00Z,9.94,9.949,9.94,9.94,6922,33,9.94197
2022-07-26T04:00:00Z,9.9412,9.9412,9.9412,9.9412,296,5,9.9412
2022-07-27T04:00:00Z,9.9401,9.945,9.94,9.94,100202,71,9.94
2022-07-28T04:00:00Z,9.9499,9.96,9.94,9.95,22244,62,9.95433
2022-07-29T04:00:00Z,9.95,9.95,9.94,9.95,4916,9,9.944
2022-08-01T04:00:00Z,9.942,9.95,9.94,9.94,9610,17,9.94175
2022-08-02T04:00:00Z,9.95,9.96,9.94,9.94,4800,38,9.94604
2022-08-03T04:00:00Z,9.95,9.955,9.95,9.95,6689,25,9.95033
2022-08-04T04:00:00Z,9.9516,9.9516,9.9516,9.9516,551,2,9.9516
2022-08-05T04:00:00Z,9.955,9.955,9.95,9.95,3084,10,9.95084
2022-08-08T04:00:00Z,9.95,9.96,9.95,9.95,1822,9,9.95254
2022-08-09T04:00:00Z,9.955,9.955,9.95,9.955,8095,30,9.95077
2022-08-10T04:00:00Z,9.95,9.955,9.95,9.95,34235,20,9.95028
2022-08-11T04:00:00Z,9.95,9.975,9.95,9.96,33275,71,9.96013
2022-08-12T04:00:00Z,9.98,9.98,9.97,9.97,775,9,9.9738
2022-08-15T04:00:00Z,9.9713,9.98,9.97,9.97,859,11,9.97234
2022-08-16T04:00:00Z,9.972,9.972,9.97,9.97,58897,27,9.97001
2022-08-17T04:00:00Z,9.98,9.98,9.97,9.97,5043,22,9.97031
2022-08-18T04:00:00Z,9.99,9.99,9.97,9.97,714,12,9.979
2022-08-19T04:00:00Z,9.97,9.98,9.97,9.97,16240,29,9.9701
2022-08-22T04:00:00Z,9.97,9.98,9.97,9.97,103680,17,9.97004
2022-08-23T04:00:00Z,9.97,9.985,9.97,9.9791,10808,48,9.97912
2022-08-24T04:00:00Z,9.98,9.99,9.98,9.98,2307,22,9.98347
2022-08-25T04:00:00Z,9.98,9.985,9.98,9.98,1763,22,9.98033
2022-08-26T04:00:00Z,9.98,9.985,9.98,9.9802,1367,14,9.98044
2022-08-29T04:00:00Z,9.98,9.99,9.98,9.98,3723,15,9.98432
2022-08-30T04:00:00Z,9.985,9.985,9.97,9.975,309661,96,9.97252
2022-08-31T04:00:00Z,9.98,9.99,9.98,9.99,17354,49,9.98197
2022-09-01T04:00:00Z,9.985,9.985,9.9801,9.9801,734,13,9.9841
2022-09-02T04:00:00Z,9.985,9.99,9.98,9.99,71672,32,9.9854
2022-09-06T04:00:00Z,9.99,9.995,9.985,9.99,218864,125,9.98573
2022-09-07T04:00:00Z,9.995,10,9.98,9.98,4315,33,9.99062
2022-09-08T04:00:00Z,9.995,10,9.99,9.99,495,11,9.99375
2022-09-09T04:00:00Z,9.9999,9.9999,9.98,9.985,20827,55,9.98757
2022-09-12T04:00:00Z,9.99,10,9.99,9.995,66528,49,9.99006
2022-09-13T04:00:00Z,10,10,9.99,9.99,27904,46,9.99467
2022-09-14T04:00:00Z,10,10.0001,9.99,9.995,38267,119,9.99322
2022-09-15T04:00:00Z,10,10,9.99,9.995,76291,96,9.99978
2022-09-16T04:00:00Z,10,10.01,9.99,9.99,177820,947,9.99375
2022-09-19T04:00:00Z,10,10.01,10,10,189019,187,10
2022-09-20T04:00:00Z,10.0042,10.01,10,10.0015,222443,64,10.0002
2022-09-21T04:00:00Z,10,10.01,10,10,396363,166,10.0001
2022-09-22T04:00:00Z,10.01,10.01,10,10,315335,258,10.0031
2022-09-23T04:00:00Z,10,10.02,10,10.015,977173,456,10.01
2022-09-26T04:00:00Z,10,10.01,9.99,10,66132,67,9.99967
2022-09-27T04:00:00Z,10,10.01,10,10,63191,35,10.0011
2022-09-28T04:00:00Z,10.01,10.01,10,10,2805,13,10.0057
2022-09-29T04:00:00Z,10.0009,10.01,10,10.01,18688,29,10.0018
2022-09-30T04:00:00Z,10.01,10.01,10,10.01,8628,30,10.0083
2022-10-03T04:00:00Z,10,10.01,9.99,10,70312,53,9.9992
2022-10-04T04:00:00Z,10,10.005,9.99,10.005,24824,116,9.99865
2022-10-05T04:00:00Z,10.01,10.03,9.99,10.01,36325,138,10.0128
2022-10-06T04:00:00Z,10.01,10.01,10.01,10.01,2347,26,10.01
2022-10-07T04:00:00Z,10.01,10.01,10.01,10.01,0,0,0
2022-10-10T04:00:00Z,10.015,10.015,10.01,10.01,5696,60,10.0101
2022-10-11T04:00:00Z,10.01,10.01,10.01,10.01,1403,15,10.01
2022-10-12T04:00:00Z,10.0101,10.02,10.01,10.02,702,9,10.0131
2022-10-13T04:00:00Z,10.02,10.02,10.01,10.015,13496,55,10.0161
2022-10-14T04:00:00Z,10.0186,10.02,9.99,10.02,11318,30,9.99521
2022-10-17T04:00:00Z,10.02,10.02,10.02,10.02,3123,22,10.02
2022-10-18T04:00:00Z,10,10.0099,9.99,10,33130,46,10.0001
2022-10-19T04:00:00Z,10.01,10.03,10.01,10.01,10666,25,10.0174
2022-10-20T04:00:00Z,10.01,10.01,10.01,10.01,0,0,0
2022-10-21T04:00:00Z,10.01,10.02,10.01,10.011,4817,15,10.0106
2022-10-24T04:00:00Z,10.02,10.02,10.01,10.0115,45816,43,10.0106
2022-10-25T04:00:00Z,10.0127,10.0127,10.0127,10.0127,253,8,10.0127
2022-10-26T04:00:00Z,10.0127,10.0127,10.0127,10.0127,0,0,0
2022-10-27T04:00:00Z,10.0128,10.0173,10.01,10.01,20674,37,10.0101
2022-10-28T04:00:00Z,10.01,10.015,10.01,10.01,2156,23,10.0107
2022-10-31T04:00:00Z,10.01,10.01,10.01,10.01,0,0,0
2022-11-01T04:00:00Z,10.01,10.01,10.01,10.01,438,11,10.01
2022-11-02T04:00:00Z,10.015,10.015,10.01,10.01,513,9,10.011
2022-11-03T04:00:00Z,10.01,10.01,10.01,10.01,529,5,10.01
2022-11-04T04:00:00Z,10.01,10.0101,10.01,10.0101,4131,16,10.01
2022-11-07T05:00:00Z,10.0101,10.0101,10.0101,10.0101,0,0,0
2022-11-08T05:00:00Z,10.015,10.03,10.015,10.03,17323,36,10.0212
2022-11-09T05:00:00Z,10.03,10.03,10.03,10.03,30894,115,10.03
2022-11-10T05:00:00Z,10.03,10.03,10.03,10.03,0,0,0
2022-11-11T05:00:00Z,10.02,10.05,10.02,10.04,6528,43,10.0314
2022-11-14T05:00:00Z,10.04,10.04,10.03,10.03,2203,22,10.0305
2022-11-15T05:00:00Z,10.03,10.03,10.03,10.03,173,6,10.03
2022-11-16T05:00:00Z,10.035,10.0401,10.035,10.04,6218,20,10.0392
2022-11-17T05:00:00Z,10.0401,10.0401,10.04,10.04,703,5,10.0401
2022-11-18T05:00:00Z,10.04,10.04,10.03,10.04,5559,12,10.0393
2022-11-21T05:00:00Z,10.04,10.04,10.03,10.03,1506,9,10.0347
2022-11-22T05:00:00Z,10.03,10.035,10.02,10.03,12496,64,10.0299
2022-11-23T05:00:00Z,10.03,10.03,10.02,10.02,12763,51,10.0297
2022-11-25T05:00:00Z,10.085,10.085,10.02,10.02,730,7,10.0314
2022-11-28T05:00:00Z,10.025,10.025,10.0129,10.02,7204,23,10.02
2022-11-29T05:00:00Z,10.02,10.02,10.02,10.02,0,0,0
2022-11-30T05:00:00Z,10.02,10.02,10.02,10.02,147700,71,10.02
2022-12-01T05:00:00Z,10.02,10.02,10.02,10.02,0,0,0
2022-12-02T05:00:00Z,10.0114,10.0114,10.0114,10.0114,335,3,10.0114
2022-12-05T05:00:00Z,10.02,10.04,10.02,10.04,35603,83,10.0316
2022-12-06T05:00:00Z,10.035,10.035,10.03,10.03,600,5,10.0317
2022-12-07T05:00:00Z,10.03,10.0301,10.03,10.0301,1259,10,10.03
2022-12-08T05:00:00Z,10.04,10.04,10.03,10.04,4736,23,10.0384
2022-12-09T05:00:00Z,10.04,10.04,10.035,10.035,410,3,10.0375
2022-12-12T05:00:00Z,10.03,10.0361,10.03,10.0361,4746,11,10.0312
2022-12-13T05:00:00Z,10.0361,10.0361,10.0361,10.0361,0,0,0
2022-12-14T05:00:00Z,10.035,10.06,10.03,10.03,155424,67,10.0341
2022-12-15T05:00:00Z,10.04,10.04,10.04,10.04,2890,15,10.04
2022-12-16T05:00:00Z,10.0441,10.05,10.04,10.05,1204,15,10.0453
2022-12-19T05:00:00Z,10.04,10.07,10.04,10.07,765,4,10.0465
2022-12-20T05:00:00Z,10.05,10.055,10.04,10.055,5806,35,10.0485
2022-12-21T05:00:00Z,10.09,10.09,10.05,10.08,14802,75,10.0837
2022-12-22T05:00:00Z,10.0627,10.065,10.04,10.04,703,9,10.0547
2022-12-23T05:00:00Z,10.04,10.06,10.04,10.06,400,4,10.055
2022-12-27T05:00:00Z,10.0415,10.05,10.04,10.05,2564,17,10.0482
2022-12-28T05:00:00Z,10.06,10.06,10.05,10.06,5186,49,10.0591
2022-12-29T05:00:00Z,10.045,10.05,10.04,10.05,502,7,10.045
2022-12-30T05:00:00Z,10.045,10.05,10.045,10.05,4744,39,10.049
2023-01-03T05:00:00Z,10.05,10.05,10.05,10.05,0,0,0
2023-01-04T05:00:00Z,10.0601,10.1,10.06,10.1,667,10,10.0823
2023-01-05T05:00:00Z,10.09,10.1073,10.09,10.1,6339,21,10.1001
2023-01-06T05:00:00Z,10.11,10.13,10.11,10.12,12694,76,10.12
2023-01-09T05:00:00Z,10.13,10.14,10.12,10.12,40050,57,10.1267
2023-01-10T05:00:00Z,10.11,10.1185,10.11,10.115,4590,21,10.1119
2023-01-11T05:00:00Z,10.11,10.12,10.11,10.12,6150,16,10.1166
2025-12-22T05:00:00Z,9.95,9.95,9.89,9.89,40181,116,9.89437
2025-12-23T05:00:00Z,9.86,9.86,9.85,9.85,15689,84,9.85124
2025-12-24T05:00:00Z,9.85,9.859,9.85,9.859,495,9,9.8545
2025-12-26T05:00:00Z,9.85,9.85,9.85,9.85,12102,32,9.85
2025-12-29T05:00:00Z,9.8612,9.8612,9.85,9.85,5004,31,9.85112
2025-12-30T05:00:00Z,9.85,9.85,9.83,9.84,14732,76,9.84652
2025-12-31T05:00:00Z,9.85,9.85,9.84,9.84,101046,23,9.84996
